<?xml version="1.0" encoding="UTF-8"?>
<metadata xml:lang="fa"><Esri><CreaDate>20201009</CreaDate><CreaTime>19285700</CreaTime><SyncOnce>FALSE</SyncOnce><SyncDate>20170327</SyncDate><SyncTime>11120000</SyncTime><ModDate>20170327</ModDate><ModTime>11120000</ModTime><DataProperties><lineage><Process ToolSource="C:\Program Files (x86)\ArcGIS\ArcToolbox\Toolboxes\Data Management Tools.tbx\Merge" Date="20160316" Time="120853">Merge reg17;reg16;reg15;reg14;reg13;reg21;reg22;reg3;reg4;reg5;reg12;reg20;reg11;reg2;reg10;reg19;reg7;reg8;reg9;reg1;reg18;reg6 "X:\Primary Projects\Saeedeh - Che konad\Mahalat&amp;Manategh90\Mahalat90.mdb\Merge" "OBJECTID 'OBJECTID' true true false 4 Long 0 0 ,First,#,reg17,OBJECTID,-1,-1,reg16,OBJECTID,-1,-1,reg22,OBJECTID,-1,-1,reg19,OBJECTID,-1,-1,reg18,OBJECTID,-1,-1;Region 'Region' true true false 4 Long 0 0 ,First,#,reg17,Region,-1,-1,reg16,Region,-1,-1,reg15,Region,-1,-1,reg14,Region,-1,-1,reg13,Region,-1,-1,reg21,Region,-1,-1,reg22,Region,-1,-1,reg3,Region,-1,-1,reg4,Region,-1,-1,reg5,Region,-1,-1,reg12,Region,-1,-1,reg20,Region,-1,-1,reg11,Region,-1,-1,reg2,Region,-1,-1,reg10,Region,-1,-1,reg19,Region,-1,-1,reg7,Region,-1,-1,reg8,Region,-1,-1,reg9,Region,-1,-1,reg1,Region,-1,-1,reg18,Region,-1,-1,reg6,Region,-1,-1;Name 'Name' true true false 50 Text 0 0 ,First,#,reg17,Name,-1,-1,reg16,Name,-1,-1,reg15,Name,-1,-1,reg14,Name,-1,-1,reg13,Name,-1,-1,reg21,Name,-1,-1,reg22,Name,-1,-1,reg3,Name,-1,-1,reg4,Name,-1,-1,reg5,Name,-1,-1,reg12,Name,-1,-1,reg20,Name,-1,-1,reg11,Name,-1,-1,reg2,Name,-1,-1,reg10,Name,-1,-1,reg19,Name,-1,-1,reg7,Name,-1,-1,reg8,Name,-1,-1,reg9,Name,-1,-1,reg1,Name,-1,-1,reg18,Name,-1,-1,reg6,Name,-1,-1;Nahiye 'Nahiye' true true false 8 Double 0 0 ,First,#,reg17,Nahiye,-1,-1,reg16,Nahiye,-1,-1,reg15,Nahiye,-1,-1,reg14,Nahiye,-1,-1,reg13,Nahiye,-1,-1,reg21,Nahiye,-1,-1,reg22,Nahiye,-1,-1,reg3,Nahiye,-1,-1,reg4,Nahiye,-1,-1,reg5,Nahiye,-1,-1,reg12,Nahiye,-1,-1,reg20,Nahiye,-1,-1,reg11,Nahiye,-1,-1,reg2,Nahiye,-1,-1,reg10,Nahiye,-1,-1,reg19,Nahiye,-1,-1,reg7,Nahiye,-1,-1,reg8,Nahiye,-1,-1,reg9,Nahiye,-1,-1,reg1,Nahiye,-1,-1,reg18,Nahiye,-1,-1,reg6,Nahiye,-1,-1;Mahale 'Mahale' true true false 254 Text 0 0 ,First,#,reg17,Mahale,-1,-1,reg16,Mahale,-1,-1,reg15,Mahale,-1,-1,reg14,Mahale,-1,-1,reg13,Mahale,-1,-1,reg21,Mahale,-1,-1,reg22,Mahale,-1,-1,reg3,Mahale,-1,-1,reg4,Mahale,-1,-1,reg5,Mahale,-1,-1,reg12,Mahale,-1,-1,reg20,Mahale,-1,-1,reg11,Mahale,-1,-1,reg2,Mahale,-1,-1,reg10,Mahale,-1,-1,reg19,Mahale,-1,-1,reg7,Mahale,-1,-1,reg8,Mahale,-1,-1,reg9,Mahale,-1,-1,reg1,Mahale,-1,-1,reg18,Mahale,-1,-1,reg6,Mahale,-1,-1;Pop 'Pop' true true false 8 Double 0 0 ,First,#,reg17,Pop,-1,-1,reg16,Pop,-1,-1,reg15,Pop,-1,-1,reg14,Pop,-1,-1,reg13,Pop,-1,-1,reg21,Pop,-1,-1,reg22,Pop,-1,-1,reg3,Pop,-1,-1,reg4,Pop,-1,-1,reg5,Pop,-1,-1,reg12,Pop,-1,-1,reg20,Pop,-1,-1,reg11,Pop,-1,-1,reg2,Pop,-1,-1,reg10,Pop,-1,-1,reg19,Pop,-1,-1,reg7,Pop,-1,-1,reg8,Pop,-1,-1,reg9,Pop,-1,-1,reg1,Pop,-1,-1,reg18,Pop,-1,-1,reg6,Pop,-1,-1;Pop_Zan 'Pop_Zan' true true false 8 Double 0 0 ,First,#,reg17,Pop_Zan,-1,-1,reg16,Pop_Zan,-1,-1,reg15,Pop_Zan,-1,-1,reg14,Pop_Zan,-1,-1,reg13,Pop_Zan,-1,-1,reg21,Pop_Zan,-1,-1,reg22,Pop_Zan,-1,-1,reg3,Pop_Zan,-1,-1,reg4,Pop_Zan,-1,-1,reg5,Pop_Zan,-1,-1,reg12,Pop_Zan,-1,-1,reg20,Pop_Zan,-1,-1,reg11,Pop_Zan,-1,-1,reg2,Pop_Zan,-1,-1,reg10,Pop_Zan,-1,-1,reg19,Pop_Zan,-1,-1,reg7,Pop_Zan,-1,-1,reg8,Pop_Zan,-1,-1,reg9,Pop_Zan,-1,-1,reg1,Pop_Zan,-1,-1,reg18,Pop_Zan,-1,-1,reg6,Pop_Zan,-1,-1;Pop_Mard 'Pop_Mard' true true false 8 Double 0 0 ,First,#,reg17,Pop_Mard,-1,-1,reg16,Pop_Mard,-1,-1,reg15,Pop_Mard,-1,-1,reg14,Pop_Mard,-1,-1,reg13,Pop_Mard,-1,-1,reg21,Pop_Mard,-1,-1,reg22,Pop_Mard,-1,-1,reg3,Pop_Mard,-1,-1,reg4,Pop_Mard,-1,-1,reg5,Pop_Mard,-1,-1,reg12,Pop_Mard,-1,-1,reg20,Pop_Mard,-1,-1,reg11,Pop_Mard,-1,-1,reg2,Pop_Mard,-1,-1,reg10,Pop_Mard,-1,-1,reg19,Pop_Mard,-1,-1,reg7,Pop_Mard,-1,-1,reg8,Pop_Mard,-1,-1,reg9,Pop_Mard,-1,-1,reg1,Pop_Mard,-1,-1,reg18,Pop_Mard,-1,-1,reg6,Pop_Mard,-1,-1;Khanvar 'Khanvar' true true false 8 Double 0 0 ,First,#,reg17,Khanvar,-1,-1,reg16,Khanvar,-1,-1,reg15,Khanvar,-1,-1,reg14,Khanvar,-1,-1,reg13,Khanvar,-1,-1,reg21,Khanvar,-1,-1,reg22,Khanvar,-1,-1,reg3,Khanvar,-1,-1,reg4,Khanvar,-1,-1,reg5,Khanvar,-1,-1,reg12,Khanvar,-1,-1,reg20,Khanvar,-1,-1,reg11,Khanvar,-1,-1,reg2,Khanvar,-1,-1,reg10,Khanvar,-1,-1,reg19,Khanvar,-1,-1,reg7,Khanvar,-1,-1,reg8,Khanvar,-1,-1,reg9,Khanvar,-1,-1,reg1,Khanvar,-1,-1,reg18,Khanvar,-1,-1,reg6,Khanvar,-1,-1;Shape_Leng 'Shape_Leng' true true false 8 Double 0 0 ,First,#,reg17,Shape_Leng,-1,-1,reg16,Shape_Leng,-1,-1,reg22,Shape_Leng,-1,-1,reg19,Shape_Leng,-1,-1,reg18,Shape_Leng,-1,-1;pop90 'pop90' true true false 8 Double 0 0 ,First,#,reg17,pop90,-1,-1,reg16,pop90,-1,-1,reg15,pop90,-1,-1,reg14,pop90,-1,-1,reg13,pop90,-1,-1,reg21,pop90,-1,-1,reg22,pop90,-1,-1,reg3,pop90,-1,-1,reg4,pop90,-1,-1,reg5,pop90,-1,-1,reg12,pop90,-1,-1,reg20,pop90,-1,-1,reg11,pop90,-1,-1,reg2,pop90,-1,-1,reg10,pop90,-1,-1,reg19,pop90,-1,-1,reg7,pop90,-1,-1,reg8,pop90,-1,-1,reg9,pop90,-1,-1,reg1,pop90,-1,-1,reg18,pop90,-1,-1,reg6,pop90,-1,-1;ID 'ID' true true false 4 Long 0 0 ,First,#,reg17,ID,-1,-1,reg16,ID,-1,-1,reg15,ID,-1,-1,reg14,ID,-1,-1,reg13,ID,-1,-1,reg21,ID,-1,-1,reg22,ID,-1,-1,reg3,ID,-1,-1,reg4,ID,-1,-1,reg5,ID,-1,-1,reg12,ID,-1,-1,reg20,ID,-1,-1,reg11,ID,-1,-1,reg2,ID,-1,-1,reg10,ID,-1,-1,reg19,ID,-1,-1,reg7,ID,-1,-1,reg8,ID,-1,-1,reg9,ID,-1,-1,reg1,ID,-1,-1,reg18,ID,-1,-1,reg6,ID,-1,-1;Mahale_nam 'Mahale_nam' true true false 254 Text 0 0 ,First,#,reg17,Mahale_nam,-1,-1,reg16,Mahale_nam,-1,-1,reg22,Mahale_nam,-1,-1,reg19,Mahale_nam,-1,-1,reg18,Mahale_nam,-1,-1;Mahale_cod 'Mahale_cod' true true false 8 Double 0 0 ,First,#,reg17,Mahale_cod,-1,-1,reg16,Mahale_cod,-1,-1,reg22,Mahale_cod,-1,-1,reg19,Mahale_cod,-1,-1,reg18,Mahale_cod,-1,-1;Region_1 'Region_1' true true false 8 Double 0 0 ,First,#,reg17,Region_1,-1,-1,reg16,Region_1,-1,-1,reg15,Region_1,-1,-1,reg14,Region_1,-1,-1,reg13,Region_1,-1,-1,reg21,Region_1,-1,-1,reg22,Region_1,-1,-1,reg3,Region_1,-1,-1,reg4,Region_1,-1,-1,reg5,Region_1,-1,-1,reg12,Region_1,-1,-1,reg20,Region_1,-1,-1,reg11,Region_1,-1,-1,reg2,Region_1,-1,-1,reg10,Region_1,-1,-1,reg19,Region_1,-1,-1,reg7,Region_1,-1,-1,reg8,Region_1,-1,-1,reg9,Region_1,-1,-1,reg1,Region_1,-1,-1,reg18,Region_1,-1,-1,reg6,Region_1,-1,-1;Tedad_khan 'Tedad_khan' true true false 8 Double 0 0 ,First,#,reg17,Tedad_khan,-1,-1,reg16,Tedad_khan,-1,-1,reg22,Tedad_khan,-1,-1,reg19,Tedad_khan,-1,-1,reg18,Tedad_khan,-1,-1;Pop_kol 'Pop_kol' true true false 8 Double 0 0 ,First,#,reg17,Pop_kol,-1,-1,reg16,Pop_kol,-1,-1,reg15,Pop_kol,-1,-1,reg14,Pop_kol,-1,-1,reg13,Pop_kol,-1,-1,reg21,Pop_kol,-1,-1,reg22,Pop_kol,-1,-1,reg3,Pop_kol,-1,-1,reg4,Pop_kol,-1,-1,reg5,Pop_kol,-1,-1,reg12,Pop_kol,-1,-1,reg20,Pop_kol,-1,-1,reg11,Pop_kol,-1,-1,reg2,Pop_kol,-1,-1,reg10,Pop_kol,-1,-1,reg19,Pop_kol,-1,-1,reg7,Pop_kol,-1,-1,reg8,Pop_kol,-1,-1,reg9,Pop_kol,-1,-1,reg1,Pop_kol,-1,-1,reg18,Pop_kol,-1,-1,reg6,Pop_kol,-1,-1;Tedad_mard 'Tedad_mard' true true false 8 Double 0 0 ,First,#,reg17,Tedad_mard,-1,-1,reg16,Tedad_mard,-1,-1,reg15,Tedad_mard,-1,-1,reg14,Tedad_mard,-1,-1,reg13,Tedad_mard,-1,-1,reg21,Tedad_mard,-1,-1,reg22,Tedad_mard,-1,-1,reg3,Tedad_mard,-1,-1,reg4,Tedad_mard,-1,-1,reg5,Tedad_mard,-1,-1,reg12,Tedad_mard,-1,-1,reg20,Tedad_mard,-1,-1,reg11,Tedad_mard,-1,-1,reg2,Tedad_mard,-1,-1,reg10,Tedad_mard,-1,-1,reg19,Tedad_mard,-1,-1,reg7,Tedad_mard,-1,-1,reg8,Tedad_mard,-1,-1,reg9,Tedad_mard,-1,-1,reg1,Tedad_mard,-1,-1,reg18,Tedad_mard,-1,-1,reg6,Tedad_mard,-1,-1;Tedad_zan 'Tedad_zan' true true false 8 Double 0 0 ,First,#,reg17,Tedad_zan,-1,-1,reg16,Tedad_zan,-1,-1,reg15,Tedad_zan,-1,-1,reg14,Tedad_zan,-1,-1,reg13,Tedad_zan,-1,-1,reg21,Tedad_zan,-1,-1,reg22,Tedad_zan,-1,-1,reg3,Tedad_zan,-1,-1,reg4,Tedad_zan,-1,-1,reg5,Tedad_zan,-1,-1,reg12,Tedad_zan,-1,-1,reg20,Tedad_zan,-1,-1,reg11,Tedad_zan,-1,-1,reg2,Tedad_zan,-1,-1,reg10,Tedad_zan,-1,-1,reg19,Tedad_zan,-1,-1,reg7,Tedad_zan,-1,-1,reg8,Tedad_zan,-1,-1,reg9,Tedad_zan,-1,-1,reg1,Tedad_zan,-1,-1,reg18,Tedad_zan,-1,-1,reg6,Tedad_zan,-1,-1;Basavad_ko 'Basavad_ko' true true false 8 Double 0 0 ,First,#,reg17,Basavad_ko,-1,-1,reg16,Basavad_ko,-1,-1,reg22,Basavad_ko,-1,-1,reg19,Basavad_ko,-1,-1,reg18,Basavad_ko,-1,-1;Basavad_ma 'Basavad_ma' true true false 8 Double 0 0 ,First,#,reg17,Basavad_ma,-1,-1,reg16,Basavad_ma,-1,-1,reg22,Basavad_ma,-1,-1,reg19,Basavad_ma,-1,-1,reg18,Basavad_ma,-1,-1;Basavad_za 'Basavad_za' true true false 8 Double 0 0 ,First,#,reg17,Basavad_za,-1,-1,reg16,Basavad_za,-1,-1,reg22,Basavad_za,-1,-1,reg19,Basavad_za,-1,-1,reg18,Basavad_za,-1,-1;Bisavad_ko 'Bisavad_ko' true true false 8 Double 0 0 ,First,#,reg17,Bisavad_ko,-1,-1,reg16,Bisavad_ko,-1,-1,reg22,Bisavad_ko,-1,-1,reg19,Bisavad_ko,-1,-1,reg18,Bisavad_ko,-1,-1;Bisavad_ma 'Bisavad_ma' true true false 8 Double 0 0 ,First,#,reg17,Bisavad_ma,-1,-1,reg16,Bisavad_ma,-1,-1,reg22,Bisavad_ma,-1,-1,reg19,Bisavad_ma,-1,-1,reg18,Bisavad_ma,-1,-1;Bisavad_za 'Bisavad_za' true true false 8 Double 0 0 ,First,#,reg17,Bisavad_za,-1,-1,reg16,Bisavad_za,-1,-1,reg22,Bisavad_za,-1,-1,reg19,Bisavad_za,-1,-1,reg18,Bisavad_za,-1,-1;Bishaz10sa 'Bishaz10sa' true true false 8 Double 0 0 ,First,#,reg17,Bishaz10sa,-1,-1,reg16,Bishaz10sa,-1,-1,reg22,Bishaz10sa,-1,-1,reg19,Bishaz10sa,-1,-1,reg18,Bishaz10sa,-1,-1;Bishaz10_1 'Bishaz10_1' true true false 8 Double 0 0 ,First,#,reg17,Bishaz10_1,-1,-1,reg16,Bishaz10_1,-1,-1,reg22,Bishaz10_1,-1,-1,reg19,Bishaz10_1,-1,-1,reg18,Bishaz10_1,-1,-1;Bishaz10_2 'Bishaz10_2' true true false 8 Double 0 0 ,First,#,reg17,Bishaz10_2,-1,-1,reg16,Bishaz10_2,-1,-1,reg22,Bishaz10_2,-1,-1,reg19,Bishaz10_2,-1,-1,reg18,Bishaz10_2,-1,-1;Mohajeran_ 'Mohajeran_' true true false 8 Double 0 0 ,First,#,reg17,Mohajeran_,-1,-1,reg16,Mohajeran_,-1,-1,reg22,Mohajeran_,-1,-1,reg19,Mohajeran_,-1,-1,reg18,Mohajeran_,-1,-1;Mohajeran1 'Mohajeran1' true true false 8 Double 0 0 ,First,#,reg17,Mohajeran1,-1,-1,reg16,Mohajeran1,-1,-1,reg22,Mohajeran1,-1,-1,reg19,Mohajeran1,-1,-1,reg18,Mohajeran1,-1,-1;Mohajera_1 'Mohajera_1' true true false 8 Double 0 0 ,First,#,reg17,Mohajera_1,-1,-1,reg16,Mohajera_1,-1,-1,reg22,Mohajera_1,-1,-1,reg19,Mohajera_1,-1,-1,reg18,Mohajera_1,-1,-1;Shaghelan_ 'Shaghelan_' true true false 8 Double 0 0 ,First,#,reg17,Shaghelan_,-1,-1,reg16,Shaghelan_,-1,-1,reg22,Shaghelan_,-1,-1,reg19,Shaghelan_,-1,-1,reg18,Shaghelan_,-1,-1;Bikaran_bi 'Bikaran_bi' true true false 8 Double 0 0 ,First,#,reg17,Bikaran_bi,-1,-1,reg16,Bikaran_bi,-1,-1,reg22,Bikaran_bi,-1,-1,reg19,Bikaran_bi,-1,-1,reg18,Bikaran_bi,-1,-1;Shaghelan1 'Shaghelan1' true true false 8 Double 0 0 ,First,#,reg17,Shaghelan1,-1,-1,reg16,Shaghelan1,-1,-1,reg22,Shaghelan1,-1,-1,reg19,Shaghelan1,-1,-1,reg18,Shaghelan1,-1,-1;Bikaran__1 'Bikaran__1' true true false 8 Double 0 0 ,First,#,reg17,Bikaran__1,-1,-1,reg16,Bikaran__1,-1,-1,reg22,Bikaran__1,-1,-1,reg19,Bikaran__1,-1,-1,reg18,Bikaran__1,-1,-1;Shaghela_1 'Shaghela_1' true true false 8 Double 0 0 ,First,#,reg17,Shaghela_1,-1,-1,reg16,Shaghela_1,-1,-1,reg22,Shaghela_1,-1,-1,reg19,Shaghela_1,-1,-1,reg18,Shaghela_1,-1,-1;Bikaran__2 'Bikaran__2' true true false 8 Double 0 0 ,First,#,reg17,Bikaran__2,-1,-1,reg16,Bikaran__2,-1,-1,reg22,Bikaran__2,-1,-1,reg19,Bikaran__2,-1,-1,reg18,Bikaran__2,-1,-1;Pop_malul_ 'Pop_malul_' true true false 8 Double 0 0 ,First,#,reg17,Pop_malul_,-1,-1,reg16,Pop_malul_,-1,-1,reg22,Pop_malul_,-1,-1,reg19,Pop_malul_,-1,-1,reg18,Pop_malul_,-1,-1;Pop_malul1 'Pop_malul1' true true false 8 Double 0 0 ,First,#,reg17,Pop_malul1,-1,-1,reg16,Pop_malul1,-1,-1,reg22,Pop_malul1,-1,-1,reg19,Pop_malul1,-1,-1,reg18,Pop_malul1,-1,-1;Pop_malu_1 'Pop_malu_1' true true false 8 Double 0 0 ,First,#,reg17,Pop_malu_1,-1,-1,reg16,Pop_malu_1,-1,-1,reg22,Pop_malu_1,-1,-1,reg19,Pop_malu_1,-1,-1,reg18,Pop_malu_1,-1,-1;Masahat_ma 'Masahat_ma' true true false 8 Double 0 0 ,First,#,reg17,Masahat_ma,-1,-1,reg16,Masahat_ma,-1,-1,reg22,Masahat_ma,-1,-1,reg19,Masahat_ma,-1,-1,reg18,Masahat_ma,-1,-1;Tarakom_ja 'Tarakom_ja' true true false 8 Double 0 0 ,First,#,reg17,Tarakom_ja,-1,-1,reg16,Tarakom_ja,-1,-1,reg22,Tarakom_ja,-1,-1,reg19,Tarakom_ja,-1,-1,reg18,Tarakom_ja,-1,-1;Shape_Length 'Shape_Length' false true true 8 Double 0 0 ,First,#,reg17,Shape_Length,-1,-1,reg16,Shape_Length,-1,-1,reg15,Shape_Length,-1,-1,reg14,Shape_Length,-1,-1,reg13,Shape_Length,-1,-1,reg21,Shape_Length,-1,-1,reg22,Shape_Length,-1,-1,reg3,Shape_Length,-1,-1,reg4,Shape_Length,-1,-1,reg5,Shape_Length,-1,-1,reg12,Shape_Length,-1,-1,reg20,Shape_Length,-1,-1,reg11,Shape_Length,-1,-1,reg2,Shape_Length,-1,-1,reg10,Shape_Length,-1,-1,reg19,Shape_Length,-1,-1,reg7,Shape_Length,-1,-1,reg8,Shape_Length,-1,-1,reg9,Shape_Length,-1,-1,reg1,Shape_Length,-1,-1,reg18,Shape_Length,-1,-1,reg6,Shape_Length,-1,-1;Shape_Area 'Shape_Area' false true true 8 Double 0 0 ,First,#,reg17,Shape_Area,-1,-1,reg16,Shape_Area,-1,-1,reg15,Shape_Area,-1,-1,reg14,Shape_Area,-1,-1,reg13,Shape_Area,-1,-1,reg21,Shape_Area,-1,-1,reg22,Shape_Area,-1,-1,reg3,Shape_Area,-1,-1,reg4,Shape_Area,-1,-1,reg5,Shape_Area,-1,-1,reg12,Shape_Area,-1,-1,reg20,Shape_Area,-1,-1,reg11,Shape_Area,-1,-1,reg2,Shape_Area,-1,-1,reg10,Shape_Area,-1,-1,reg19,Shape_Area,-1,-1,reg7,Shape_Area,-1,-1,reg8,Shape_Area,-1,-1,reg9,Shape_Area,-1,-1,reg1,Shape_Area,-1,-1,reg18,Shape_Area,-1,-1,reg6,Shape_Area,-1,-1;Mahale_name 'Mahale_name' true true false 2147483647 Text 0 0 ,First,#,reg15,Mahale_name,-1,-1,reg14,Mahale_name,-1,-1,reg13,Mahale_name,-1,-1,reg21,Mahale_name,-1,-1,reg3,Mahale_name,-1,-1,reg4,Mahale_name,-1,-1,reg5,Mahale_name,-1,-1,reg12,Mahale_name,-1,-1,reg20,Mahale_name,-1,-1,reg11,Mahale_name,-1,-1,reg2,Mahale_name,-1,-1,reg10,Mahale_name,-1,-1,reg7,Mahale_name,-1,-1,reg8,Mahale_name,-1,-1,reg9,Mahale_name,-1,-1,reg1,Mahale_name,-1,-1,reg6,Mahale_name,-1,-1;Mahale_code 'Mahale_code' true true false 8 Double 0 0 ,First,#,reg15,Mahale_code,-1,-1,reg14,Mahale_code,-1,-1,reg13,Mahale_code,-1,-1,reg21,Mahale_code,-1,-1,reg3,Mahale_code,-1,-1,reg4,Mahale_code,-1,-1,reg5,Mahale_code,-1,-1,reg12,Mahale_code,-1,-1,reg20,Mahale_code,-1,-1,reg11,Mahale_code,-1,-1,reg2,Mahale_code,-1,-1,reg10,Mahale_code,-1,-1,reg7,Mahale_code,-1,-1,reg8,Mahale_code,-1,-1,reg9,Mahale_code,-1,-1,reg1,Mahale_code,-1,-1,reg6,Mahale_code,-1,-1;Tedad_khanevar 'Tedad_khanevar' true true false 8 Double 0 0 ,First,#,reg15,Tedad_khanevar,-1,-1,reg14,Tedad_khanevar,-1,-1,reg13,Tedad_khanevar,-1,-1,reg21,Tedad_khanevar,-1,-1,reg3,Tedad_khanevar,-1,-1,reg4,Tedad_khanevar,-1,-1,reg5,Tedad_khanevar,-1,-1,reg12,Tedad_khanevar,-1,-1,reg20,Tedad_khanevar,-1,-1,reg11,Tedad_khanevar,-1,-1,reg2,Tedad_khanevar,-1,-1,reg10,Tedad_khanevar,-1,-1,reg7,Tedad_khanevar,-1,-1,reg8,Tedad_khanevar,-1,-1,reg9,Tedad_khanevar,-1,-1,reg1,Tedad_khanevar,-1,-1,reg6,Tedad_khanevar,-1,-1;Basavad_kol 'Basavad_kol' true true false 8 Double 0 0 ,First,#,reg15,Basavad_kol,-1,-1,reg14,Basavad_kol,-1,-1,reg13,Basavad_kol,-1,-1,reg21,Basavad_kol,-1,-1,reg3,Basavad_kol,-1,-1,reg4,Basavad_kol,-1,-1,reg5,Basavad_kol,-1,-1,reg12,Basavad_kol,-1,-1,reg20,Basavad_kol,-1,-1,reg11,Basavad_kol,-1,-1,reg2,Basavad_kol,-1,-1,reg10,Basavad_kol,-1,-1,reg7,Basavad_kol,-1,-1,reg8,Basavad_kol,-1,-1,reg9,Basavad_kol,-1,-1,reg1,Basavad_kol,-1,-1,reg6,Basavad_kol,-1,-1;Basavad_mard 'Basavad_mard' true true false 8 Double 0 0 ,First,#,reg15,Basavad_mard,-1,-1,reg14,Basavad_mard,-1,-1,reg13,Basavad_mard,-1,-1,reg21,Basavad_mard,-1,-1,reg3,Basavad_mard,-1,-1,reg4,Basavad_mard,-1,-1,reg5,Basavad_mard,-1,-1,reg12,Basavad_mard,-1,-1,reg20,Basavad_mard,-1,-1,reg11,Basavad_mard,-1,-1,reg2,Basavad_mard,-1,-1,reg10,Basavad_mard,-1,-1,reg7,Basavad_mard,-1,-1,reg8,Basavad_mard,-1,-1,reg9,Basavad_mard,-1,-1,reg1,Basavad_mard,-1,-1,reg6,Basavad_mard,-1,-1;Basavad_zan 'Basavad_zan' true true false 8 Double 0 0 ,First,#,reg15,Basavad_zan,-1,-1,reg14,Basavad_zan,-1,-1,reg13,Basavad_zan,-1,-1,reg21,Basavad_zan,-1,-1,reg3,Basavad_zan,-1,-1,reg4,Basavad_zan,-1,-1,reg5,Basavad_zan,-1,-1,reg12,Basavad_zan,-1,-1,reg20,Basavad_zan,-1,-1,reg11,Basavad_zan,-1,-1,reg2,Basavad_zan,-1,-1,reg10,Basavad_zan,-1,-1,reg7,Basavad_zan,-1,-1,reg8,Basavad_zan,-1,-1,reg9,Basavad_zan,-1,-1,reg1,Basavad_zan,-1,-1,reg6,Basavad_zan,-1,-1;Bisavad_kol 'Bisavad_kol' true true false 8 Double 0 0 ,First,#,reg15,Bisavad_kol,-1,-1,reg14,Bisavad_kol,-1,-1,reg13,Bisavad_kol,-1,-1,reg21,Bisavad_kol,-1,-1,reg3,Bisavad_kol,-1,-1,reg4,Bisavad_kol,-1,-1,reg5,Bisavad_kol,-1,-1,reg12,Bisavad_kol,-1,-1,reg20,Bisavad_kol,-1,-1,reg11,Bisavad_kol,-1,-1,reg2,Bisavad_kol,-1,-1,reg10,Bisavad_kol,-1,-1,reg7,Bisavad_kol,-1,-1,reg8,Bisavad_kol,-1,-1,reg9,Bisavad_kol,-1,-1,reg1,Bisavad_kol,-1,-1,reg6,Bisavad_kol,-1,-1;Bisavad_mard 'Bisavad_mard' true true false 8 Double 0 0 ,First,#,reg15,Bisavad_mard,-1,-1,reg14,Bisavad_mard,-1,-1,reg13,Bisavad_mard,-1,-1,reg21,Bisavad_mard,-1,-1,reg3,Bisavad_mard,-1,-1,reg4,Bisavad_mard,-1,-1,reg5,Bisavad_mard,-1,-1,reg12,Bisavad_mard,-1,-1,reg20,Bisavad_mard,-1,-1,reg11,Bisavad_mard,-1,-1,reg2,Bisavad_mard,-1,-1,reg10,Bisavad_mard,-1,-1,reg7,Bisavad_mard,-1,-1,reg8,Bisavad_mard,-1,-1,reg9,Bisavad_mard,-1,-1,reg1,Bisavad_mard,-1,-1,reg6,Bisavad_mard,-1,-1;Bisavad_zan 'Bisavad_zan' true true false 8 Double 0 0 ,First,#,reg15,Bisavad_zan,-1,-1,reg14,Bisavad_zan,-1,-1,reg13,Bisavad_zan,-1,-1,reg21,Bisavad_zan,-1,-1,reg3,Bisavad_zan,-1,-1,reg4,Bisavad_zan,-1,-1,reg5,Bisavad_zan,-1,-1,reg12,Bisavad_zan,-1,-1,reg20,Bisavad_zan,-1,-1,reg11,Bisavad_zan,-1,-1,reg2,Bisavad_zan,-1,-1,reg10,Bisavad_zan,-1,-1,reg7,Bisavad_zan,-1,-1,reg8,Bisavad_zan,-1,-1,reg9,Bisavad_zan,-1,-1,reg1,Bisavad_zan,-1,-1,reg6,Bisavad_zan,-1,-1;Bishaz10sal_kol 'Bishaz10sal_kol' true true false 8 Double 0 0 ,First,#,reg15,Bishaz10sal_kol,-1,-1,reg14,Bishaz10sal_kol,-1,-1,reg13,Bishaz10sal_kol,-1,-1,reg21,Bishaz10sal_kol,-1,-1,reg3,Bishaz10sal_kol,-1,-1,reg4,Bishaz10sal_kol,-1,-1,reg5,Bishaz10sal_kol,-1,-1,reg12,Bishaz10sal_kol,-1,-1,reg20,Bishaz10sal_kol,-1,-1,reg11,Bishaz10sal_kol,-1,-1,reg2,Bishaz10sal_kol,-1,-1,reg10,Bishaz10sal_kol,-1,-1,reg7,Bishaz10sal_kol,-1,-1,reg8,Bishaz10sal_kol,-1,-1,reg9,Bishaz10sal_kol,-1,-1,reg1,Bishaz10sal_kol,-1,-1,reg6,Bishaz10sal_kol,-1,-1;Bishaz10sal_mard 'Bishaz10sal_mard' true true false 8 Double 0 0 ,First,#,reg15,Bishaz10sal_mard,-1,-1,reg14,Bishaz10sal_mard,-1,-1,reg13,Bishaz10sal_mard,-1,-1,reg21,Bishaz10sal_mard,-1,-1,reg3,Bishaz10sal_mard,-1,-1,reg4,Bishaz10sal_mard,-1,-1,reg5,Bishaz10sal_mard,-1,-1,reg12,Bishaz10sal_mard,-1,-1,reg20,Bishaz10sal_mard,-1,-1,reg11,Bishaz10sal_mard,-1,-1,reg2,Bishaz10sal_mard,-1,-1,reg10,Bishaz10sal_mard,-1,-1,reg7,Bishaz10sal_mard,-1,-1,reg8,Bishaz10sal_mard,-1,-1,reg9,Bishaz10sal_mard,-1,-1,reg1,Bishaz10sal_mard,-1,-1,reg6,Bishaz10sal_mard,-1,-1;Bishaz10sal_zan 'Bishaz10sal_zan' true true false 8 Double 0 0 ,First,#,reg15,Bishaz10sal_zan,-1,-1,reg14,Bishaz10sal_zan,-1,-1,reg13,Bishaz10sal_zan,-1,-1,reg21,Bishaz10sal_zan,-1,-1,reg3,Bishaz10sal_zan,-1,-1,reg4,Bishaz10sal_zan,-1,-1,reg5,Bishaz10sal_zan,-1,-1,reg12,Bishaz10sal_zan,-1,-1,reg20,Bishaz10sal_zan,-1,-1,reg11,Bishaz10sal_zan,-1,-1,reg2,Bishaz10sal_zan,-1,-1,reg10,Bishaz10sal_zan,-1,-1,reg7,Bishaz10sal_zan,-1,-1,reg8,Bishaz10sal_zan,-1,-1,reg9,Bishaz10sal_zan,-1,-1,reg1,Bishaz10sal_zan,-1,-1,reg6,Bishaz10sal_zan,-1,-1;Mohajeran_kol 'Mohajeran_kol' true true false 8 Double 0 0 ,First,#,reg15,Mohajeran_kol,-1,-1,reg14,Mohajeran_kol,-1,-1,reg13,Mohajeran_kol,-1,-1,reg21,Mohajeran_kol,-1,-1,reg3,Mohajeran_kol,-1,-1,reg4,Mohajeran_kol,-1,-1,reg5,Mohajeran_kol,-1,-1,reg12,Mohajeran_kol,-1,-1,reg20,Mohajeran_kol,-1,-1,reg11,Mohajeran_kol,-1,-1,reg2,Mohajeran_kol,-1,-1,reg10,Mohajeran_kol,-1,-1,reg7,Mohajeran_kol,-1,-1,reg8,Mohajeran_kol,-1,-1,reg9,Mohajeran_kol,-1,-1,reg1,Mohajeran_kol,-1,-1,reg6,Mohajeran_kol,-1,-1;Mohajeran_mard 'Mohajeran_mard' true true false 8 Double 0 0 ,First,#,reg15,Mohajeran_mard,-1,-1,reg14,Mohajeran_mard,-1,-1,reg13,Mohajeran_mard,-1,-1,reg21,Mohajeran_mard,-1,-1,reg3,Mohajeran_mard,-1,-1,reg4,Mohajeran_mard,-1,-1,reg5,Mohajeran_mard,-1,-1,reg12,Mohajeran_mard,-1,-1,reg20,Mohajeran_mard,-1,-1,reg11,Mohajeran_mard,-1,-1,reg2,Mohajeran_mard,-1,-1,reg10,Mohajeran_mard,-1,-1,reg7,Mohajeran_mard,-1,-1,reg8,Mohajeran_mard,-1,-1,reg9,Mohajeran_mard,-1,-1,reg1,Mohajeran_mard,-1,-1,reg6,Mohajeran_mard,-1,-1;Mohajeran_zan 'Mohajeran_zan' true true false 8 Double 0 0 ,First,#,reg15,Mohajeran_zan,-1,-1,reg14,Mohajeran_zan,-1,-1,reg13,Mohajeran_zan,-1,-1,reg21,Mohajeran_zan,-1,-1,reg3,Mohajeran_zan,-1,-1,reg4,Mohajeran_zan,-1,-1,reg5,Mohajeran_zan,-1,-1,reg12,Mohajeran_zan,-1,-1,reg20,Mohajeran_zan,-1,-1,reg11,Mohajeran_zan,-1,-1,reg2,Mohajeran_zan,-1,-1,reg10,Mohajeran_zan,-1,-1,reg7,Mohajeran_zan,-1,-1,reg8,Mohajeran_zan,-1,-1,reg9,Mohajeran_zan,-1,-1,reg1,Mohajeran_zan,-1,-1,reg6,Mohajeran_zan,-1,-1;Shaghelan_bishaz10sal_kol 'Shaghelan_bishaz10sal_kol' true true false 8 Double 0 0 ,First,#,reg15,Shaghelan_bishaz10sal_kol,-1,-1,reg14,Shaghelan_bishaz10sal_kol,-1,-1,reg13,Shaghelan_bishaz10sal_kol,-1,-1,reg21,Shaghelan_bishaz10sal_kol,-1,-1,reg3,Shaghelan_bishaz10sal_kol,-1,-1,reg4,Shaghelan_bishaz10sal_kol,-1,-1,reg5,Shaghelan_bishaz10sal_kol,-1,-1,reg12,Shaghelan_bishaz10sal_kol,-1,-1,reg20,Shaghelan_bishaz10sal_kol,-1,-1,reg11,Shaghelan_bishaz10sal_kol,-1,-1,reg2,Shaghelan_bishaz10sal_kol,-1,-1,reg10,Shaghelan_bishaz10sal_kol,-1,-1,reg7,Shaghelan_bishaz10sal_kol,-1,-1,reg8,Shaghelan_bishaz10sal_kol,-1,-1,reg9,Shaghelan_bishaz10sal_kol,-1,-1,reg1,Shaghelan_bishaz10sal_kol,-1,-1,reg6,Shaghelan_bishaz10sal_kol,-1,-1;Bikaran_bishaz10sal_kol 'Bikaran_bishaz10sal_kol' true true false 8 Double 0 0 ,First,#,reg15,Bikaran_bishaz10sal_kol,-1,-1,reg14,Bikaran_bishaz10sal_kol,-1,-1,reg13,Bikaran_bishaz10sal_kol,-1,-1,reg21,Bikaran_bishaz10sal_kol,-1,-1,reg3,Bikaran_bishaz10sal_kol,-1,-1,reg4,Bikaran_bishaz10sal_kol,-1,-1,reg5,Bikaran_bishaz10sal_kol,-1,-1,reg12,Bikaran_bishaz10sal_kol,-1,-1,reg20,Bikaran_bishaz10sal_kol,-1,-1,reg11,Bikaran_bishaz10sal_kol,-1,-1,reg2,Bikaran_bishaz10sal_kol,-1,-1,reg10,Bikaran_bishaz10sal_kol,-1,-1,reg7,Bikaran_bishaz10sal_kol,-1,-1,reg8,Bikaran_bishaz10sal_kol,-1,-1,reg9,Bikaran_bishaz10sal_kol,-1,-1,reg1,Bikaran_bishaz10sal_kol,-1,-1,reg6,Bikaran_bishaz10sal_kol,-1,-1;Shaghelan_bishaz10sal_mard 'Shaghelan_bishaz10sal_mard' true true false 8 Double 0 0 ,First,#,reg15,Shaghelan_bishaz10sal_mard,-1,-1,reg14,Shaghelan_bishaz10sal_mard,-1,-1,reg13,Shaghelan_bishaz10sal_mard,-1,-1,reg21,Shaghelan_bishaz10sal_mard,-1,-1,reg3,Shaghelan_bishaz10sal_mard,-1,-1,reg4,Shaghelan_bishaz10sal_mard,-1,-1,reg5,Shaghelan_bishaz10sal_mard,-1,-1,reg12,Shaghelan_bishaz10sal_mard,-1,-1,reg20,Shaghelan_bishaz10sal_mard,-1,-1,reg11,Shaghelan_bishaz10sal_mard,-1,-1,reg2,Shaghelan_bishaz10sal_mard,-1,-1,reg10,Shaghelan_bishaz10sal_mard,-1,-1,reg7,Shaghelan_bishaz10sal_mard,-1,-1,reg8,Shaghelan_bishaz10sal_mard,-1,-1,reg9,Shaghelan_bishaz10sal_mard,-1,-1,reg1,Shaghelan_bishaz10sal_mard,-1,-1,reg6,Shaghelan_bishaz10sal_mard,-1,-1;Bikaran_bishaz10sal_mard 'Bikaran_bishaz10sal_mard' true true false 8 Double 0 0 ,First,#,reg15,Bikaran_bishaz10sal_mard,-1,-1,reg14,Bikaran_bishaz10sal_mard,-1,-1,reg13,Bikaran_bishaz10sal_mard,-1,-1,reg21,Bikaran_bishaz10sal_mard,-1,-1,reg3,Bikaran_bishaz10sal_mard,-1,-1,reg4,Bikaran_bishaz10sal_mard,-1,-1,reg5,Bikaran_bishaz10sal_mard,-1,-1,reg12,Bikaran_bishaz10sal_mard,-1,-1,reg20,Bikaran_bishaz10sal_mard,-1,-1,reg11,Bikaran_bishaz10sal_mard,-1,-1,reg2,Bikaran_bishaz10sal_mard,-1,-1,reg10,Bikaran_bishaz10sal_mard,-1,-1,reg7,Bikaran_bishaz10sal_mard,-1,-1,reg8,Bikaran_bishaz10sal_mard,-1,-1,reg9,Bikaran_bishaz10sal_mard,-1,-1,reg1,Bikaran_bishaz10sal_mard,-1,-1,reg6,Bikaran_bishaz10sal_mard,-1,-1;Shaghelan_bishaz10sal_zan 'Shaghelan_bishaz10sal_zan' true true false 8 Double 0 0 ,First,#,reg15,Shaghelan_bishaz10sal_zan,-1,-1,reg14,Shaghelan_bishaz10sal_zan,-1,-1,reg13,Shaghelan_bishaz10sal_zan,-1,-1,reg21,Shaghelan_bishaz10sal_zan,-1,-1,reg3,Shaghelan_bishaz10sal_zan,-1,-1,reg4,Shaghelan_bishaz10sal_zan,-1,-1,reg5,Shaghelan_bishaz10sal_zan,-1,-1,reg12,Shaghelan_bishaz10sal_zan,-1,-1,reg20,Shaghelan_bishaz10sal_zan,-1,-1,reg11,Shaghelan_bishaz10sal_zan,-1,-1,reg2,Shaghelan_bishaz10sal_zan,-1,-1,reg10,Shaghelan_bishaz10sal_zan,-1,-1,reg7,Shaghelan_bishaz10sal_zan,-1,-1,reg8,Shaghelan_bishaz10sal_zan,-1,-1,reg9,Shaghelan_bishaz10sal_zan,-1,-1,reg1,Shaghelan_bishaz10sal_zan,-1,-1,reg6,Shaghelan_bishaz10sal_zan,-1,-1;Bikaran_bishaz10sal_zan 'Bikaran_bishaz10sal_zan' true true false 8 Double 0 0 ,First,#,reg15,Bikaran_bishaz10sal_zan,-1,-1,reg14,Bikaran_bishaz10sal_zan,-1,-1,reg13,Bikaran_bishaz10sal_zan,-1,-1,reg21,Bikaran_bishaz10sal_zan,-1,-1,reg3,Bikaran_bishaz10sal_zan,-1,-1,reg4,Bikaran_bishaz10sal_zan,-1,-1,reg5,Bikaran_bishaz10sal_zan,-1,-1,reg12,Bikaran_bishaz10sal_zan,-1,-1,reg20,Bikaran_bishaz10sal_zan,-1,-1,reg11,Bikaran_bishaz10sal_zan,-1,-1,reg2,Bikaran_bishaz10sal_zan,-1,-1,reg10,Bikaran_bishaz10sal_zan,-1,-1,reg7,Bikaran_bishaz10sal_zan,-1,-1,reg8,Bikaran_bishaz10sal_zan,-1,-1,reg9,Bikaran_bishaz10sal_zan,-1,-1,reg1,Bikaran_bishaz10sal_zan,-1,-1,reg6,Bikaran_bishaz10sal_zan,-1,-1;Pop_malul_kol 'Pop_malul_kol' true true false 8 Double 0 0 ,First,#,reg15,Pop_malul_kol,-1,-1,reg14,Pop_malul_kol,-1,-1,reg13,Pop_malul_kol,-1,-1,reg21,Pop_malul_kol,-1,-1,reg3,Pop_malul_kol,-1,-1,reg4,Pop_malul_kol,-1,-1,reg5,Pop_malul_kol,-1,-1,reg12,Pop_malul_kol,-1,-1,reg20,Pop_malul_kol,-1,-1,reg11,Pop_malul_kol,-1,-1,reg2,Pop_malul_kol,-1,-1,reg10,Pop_malul_kol,-1,-1,reg7,Pop_malul_kol,-1,-1,reg8,Pop_malul_kol,-1,-1,reg9,Pop_malul_kol,-1,-1,reg1,Pop_malul_kol,-1,-1,reg6,Pop_malul_kol,-1,-1;Pop_malul_mard 'Pop_malul_mard' true true false 8 Double 0 0 ,First,#,reg15,Pop_malul_mard,-1,-1,reg14,Pop_malul_mard,-1,-1,reg13,Pop_malul_mard,-1,-1,reg21,Pop_malul_mard,-1,-1,reg3,Pop_malul_mard,-1,-1,reg4,Pop_malul_mard,-1,-1,reg5,Pop_malul_mard,-1,-1,reg12,Pop_malul_mard,-1,-1,reg20,Pop_malul_mard,-1,-1,reg11,Pop_malul_mard,-1,-1,reg2,Pop_malul_mard,-1,-1,reg10,Pop_malul_mard,-1,-1,reg7,Pop_malul_mard,-1,-1,reg8,Pop_malul_mard,-1,-1,reg9,Pop_malul_mard,-1,-1,reg1,Pop_malul_mard,-1,-1,reg6,Pop_malul_mard,-1,-1;Pop_malul_zan 'Pop_malul_zan' true true false 8 Double 0 0 ,First,#,reg15,Pop_malul_zan,-1,-1,reg14,Pop_malul_zan,-1,-1,reg13,Pop_malul_zan,-1,-1,reg21,Pop_malul_zan,-1,-1,reg3,Pop_malul_zan,-1,-1,reg4,Pop_malul_zan,-1,-1,reg5,Pop_malul_zan,-1,-1,reg12,Pop_malul_zan,-1,-1,reg20,Pop_malul_zan,-1,-1,reg11,Pop_malul_zan,-1,-1,reg2,Pop_malul_zan,-1,-1,reg10,Pop_malul_zan,-1,-1,reg7,Pop_malul_zan,-1,-1,reg8,Pop_malul_zan,-1,-1,reg9,Pop_malul_zan,-1,-1,reg1,Pop_malul_zan,-1,-1,reg6,Pop_malul_zan,-1,-1;Masahat_mahale 'Masahat_mahale' true true false 8 Double 0 0 ,First,#,reg15,Masahat_mahale,-1,-1,reg14,Masahat_mahale,-1,-1,reg13,Masahat_mahale,-1,-1,reg21,Masahat_mahale,-1,-1,reg3,Masahat_mahale,-1,-1,reg4,Masahat_mahale,-1,-1,reg5,Masahat_mahale,-1,-1,reg12,Masahat_mahale,-1,-1,reg20,Masahat_mahale,-1,-1,reg11,Masahat_mahale,-1,-1,reg2,Masahat_mahale,-1,-1,reg10,Masahat_mahale,-1,-1,reg7,Masahat_mahale,-1,-1,reg8,Masahat_mahale,-1,-1,reg9,Masahat_mahale,-1,-1,reg1,Masahat_mahale,-1,-1,reg6,Masahat_mahale,-1,-1;Tarakom_jamiati 'Tarakom_jamiati' true true false 8 Double 0 0 ,First,#,reg15,Tarakom_jamiati,-1,-1,reg14,Tarakom_jamiati,-1,-1,reg13,Tarakom_jamiati,-1,-1,reg21,Tarakom_jamiati,-1,-1,reg3,Tarakom_jamiati,-1,-1,reg4,Tarakom_jamiati,-1,-1,reg5,Tarakom_jamiati,-1,-1,reg12,Tarakom_jamiati,-1,-1,reg20,Tarakom_jamiati,-1,-1,reg11,Tarakom_jamiati,-1,-1,reg2,Tarakom_jamiati,-1,-1,reg10,Tarakom_jamiati,-1,-1,reg7,Tarakom_jamiati,-1,-1,reg8,Tarakom_jamiati,-1,-1,reg9,Tarakom_jamiati,-1,-1,reg1,Tarakom_jamiati,-1,-1,reg6,Tarakom_jamiati,-1,-1"</Process><Process ToolSource="C:\Program Files (x86)\ArcGIS\ArcToolbox\Toolboxes\Data Management Tools.tbx\DeleteField" Date="20160316" Time="132359">DeleteField Merge Mahale_cod;Tedad_khan;Basavad_ko;Basavad_ma;Basavad_za;Bisavad_ko;Bisavad_ma;Bisavad_za;Bishaz10sa;Bishaz10_1;Bishaz10_2;Mohajeran_;Mohajeran1;Mohajera_1;Shaghelan_;Bikaran_bi;Shaghelan1;Bikaran__1;Shaghela_1;Bikaran__2;Pop_malul_;Pop_malul1;Pop_malu_1;Masahat_ma;Tarakom_ja Merge</Process><Process ToolSource="c:\program files (x86)\arcgis\desktop10.5\ArcToolbox\Toolboxes\Data Management Tools.tbx\CalculateField" Date="20210418" Time="231046">CalculateField Tehran_Neighborhoods Pop95_kol [Pop90_kol]*1.077466534457115 VB #</Process><Process ToolSource="c:\program files (x86)\arcgis\desktop10.5\ArcToolbox\Toolboxes\Data Management Tools.tbx\CalculateField" Date="20210418" Time="231207">CalculateField Tehran_Neighborhoods Pop95_zan [Pop90_zan]*1.077466534457115 VB #</Process><Process ToolSource="c:\program files (x86)\arcgis\desktop10.5\ArcToolbox\Toolboxes\Data Management Tools.tbx\CalculateField" Date="20210418" Time="231356">CalculateField Tehran_Neighborhoods Pop95_mard "[Pop95_kol]- [Pop95_zan]" VB #</Process></lineage><itemProps><itemLocation><linkage Sync="TRUE">file://\\LP\C$\Users\AGE84\Desktop\GISAcademy\Tehran\Tehran.gdb</linkage><protocol Sync="TRUE">Local Area Network</protocol></itemLocation><itemName Sync="TRUE">Mahalat_Pop90</itemName><imsContentType Sync="TRUE">002</imsContentType><nativeExtBox><westBL Sync="TRUE">508047.292300</westBL><eastBL Sync="TRUE">554796.875000</eastBL><southBL Sync="TRUE">3936167.000002</southBL><northBL Sync="TRUE">3965022.820993</northBL><exTypeCode Sync="TRUE">1</exTypeCode></nativeExtBox></itemProps><coordRef><type Sync="TRUE">Projected</type><geogcsn Sync="TRUE">GCS_WGS_1984</geogcsn><csUnits Sync="TRUE">Linear Unit: Meter (1.000000)</csUnits><projcsn Sync="TRUE">WGS_1984_UTM_Zone_39N</projcsn><peXml Sync="TRUE">&lt;ProjectedCoordinateSystem xsi:type='typens:ProjectedCoordinateSystem' xmlns:xsi='http://www.w3.org/2001/XMLSchema-instance' xmlns:xs='http://www.w3.org/2001/XMLSchema' xmlns:typens='http://www.esri.com/schemas/ArcGIS/10.5'&gt;&lt;WKT&gt;PROJCS[&amp;quot;WGS_1984_UTM_Zone_39N&amp;quot;,GEOGCS[&amp;quot;GCS_WGS_1984&amp;quot;,DATUM[&amp;quot;D_WGS_1984&amp;quot;,SPHEROID[&amp;quot;WGS_1984&amp;quot;,6378137.0,298.257223563]],PRIMEM[&amp;quot;Greenwich&amp;quot;,0.0],UNIT[&amp;quot;Degree&amp;quot;,0.0174532925199433]],PROJECTION[&amp;quot;Transverse_Mercator&amp;quot;],PARAMETER[&amp;quot;False_Easting&amp;quot;,500000.0],PARAMETER[&amp;quot;False_Northing&amp;quot;,0.0],PARAMETER[&amp;quot;Central_Meridian&amp;quot;,51.0],PARAMETER[&amp;quot;Scale_Factor&amp;quot;,0.9996],PARAMETER[&amp;quot;Latitude_Of_Origin&amp;quot;,0.0],UNIT[&amp;quot;Meter&amp;quot;,1.0],AUTHORITY[&amp;quot;EPSG&amp;quot;,32639]]&lt;/WKT&gt;&lt;XOrigin&gt;-5120900&lt;/XOrigin&gt;&lt;YOrigin&gt;-9998100&lt;/YOrigin&gt;&lt;XYScale&gt;450445547.3910538&lt;/XYScale&gt;&lt;ZOrigin&gt;-100000&lt;/ZOrigin&gt;&lt;ZScale&gt;10000&lt;/ZScale&gt;&lt;MOrigin&gt;-100000&lt;/MOrigin&gt;&lt;MScale&gt;10000&lt;/MScale&gt;&lt;XYTolerance&gt;0.001&lt;/XYTolerance&gt;&lt;ZTolerance&gt;0.001&lt;/ZTolerance&gt;&lt;MTolerance&gt;0.001&lt;/MTolerance&gt;&lt;HighPrecision&gt;true&lt;/HighPrecision&gt;&lt;WKID&gt;32639&lt;/WKID&gt;&lt;LatestWKID&gt;32639&lt;/LatestWKID&gt;&lt;/ProjectedCoordinateSystem&gt;</peXml></coordRef></DataProperties><ArcGISFormat>1.0</ArcGISFormat><ArcGISstyle>North American Profile of ISO19115 2003</ArcGISstyle></Esri><idinfo><native Sync="TRUE">Microsoft Windows Vista Version 6.1 (Build 7601) Service Pack 1; ESRI ArcCatalog 9.3.0.1770</native><descript><langdata Sync="TRUE">fa</langdata><abstract>REQUIRED: A brief narrative summary of the data set.</abstract><purpose>REQUIRED: A summary of the intentions with which the data set was developed.</purpose></descript><citation><citeinfo><origin>REQUIRED: The name of an organization or individual that developed the data set.</origin><pubdate>REQUIRED: The date when the data set is published or otherwise made available for release.</pubdate><title Sync="TRUE">Merge</title><ftname Sync="TRUE">Merge</ftname><geoform Sync="TRUE">vector digital data</geoform><onlink Sync="TRUE">\\fileserver02\share\PARSBOOM PROJECT - TEHRAN\Primary Projects\Saeedeh - Che konad\Mahalat&amp;Manategh90\Mahalat90.mdb</onlink></citeinfo></citation><timeperd><current>REQUIRED: The basis on which the time period of content information is determined.</current><timeinfo><sngdate><caldate>REQUIRED: The year (and optionally month, or month and day) for which the data set corresponds to the ground.</caldate></sngdate></timeinfo></timeperd><status><progress>REQUIRED: The state of the data set.</progress><update>REQUIRED: The frequency with which changes and additions are made to the data set after the initial data set is completed.</update></status><spdom><bounding><westbc Sync="TRUE">REQUIRED: Western-most coordinate of the limit of coverage expressed in longitude.</westbc><eastbc Sync="TRUE">REQUIRED: Eastern-most coordinate of the limit of coverage expressed in longitude.</eastbc><northbc Sync="TRUE">REQUIRED: Northern-most coordinate of the limit of coverage expressed in latitude.</northbc><southbc Sync="TRUE">REQUIRED: Southern-most coordinate of the limit of coverage expressed in latitude.</southbc></bounding></spdom><keywords><theme><themekt>REQUIRED: Reference to a formally registered thesaurus or a similar authoritative source of theme keywords.</themekt><themekey>REQUIRED: Common-use word or phrase used to describe the subject of the data set.</themekey></theme></keywords><accconst>REQUIRED: Restrictions and legal prerequisites for accessing the data set.</accconst><useconst>REQUIRED: Restrictions and legal prerequisites for using the data set after access is granted.</useconst><natvform Sync="TRUE">Personal GeoDatabase Feature Class</natvform></idinfo><dataIdInfo><envirDesc Sync="TRUE"> Version 6.2 (Build 9200) ; Esri ArcGIS 10.5.0.6491</envirDesc><dataLang><languageCode Sync="TRUE" value="fas"></languageCode><countryCode value="IRN" Sync="TRUE"></countryCode></dataLang><idCitation><resTitle Sync="TRUE">Mahalat_Pop90</resTitle><presForm><PresFormCd Sync="TRUE" value="005"></PresFormCd></presForm></idCitation><spatRpType><SpatRepTypCd Sync="TRUE" value="001"></SpatRepTypCd></spatRpType><dataExt><geoEle><GeoBndBox esriExtentType="search"><exTypeCode Sync="TRUE">1</exTypeCode><westBL Sync="TRUE">51.088807</westBL><eastBL Sync="TRUE">51.606673</eastBL><northBL Sync="TRUE">35.829332</northBL><southBL Sync="TRUE">35.567673</southBL></GeoBndBox></geoEle></dataExt></dataIdInfo><metainfo><langmeta Sync="TRUE">fa</langmeta><metstdn Sync="TRUE">FGDC Content Standards for Digital Geospatial Metadata</metstdn><metstdv Sync="TRUE">FGDC-STD-001-1998</metstdv><mettc Sync="TRUE">local time</mettc><metc><cntinfo><cntorgp><cntper>REQUIRED: The person responsible for the metadata information.</cntper><cntorg>REQUIRED: The organization responsible for the metadata information.</cntorg></cntorgp><cntaddr><addrtype>REQUIRED: The mailing and/or physical address for the organization or individual.</addrtype><city>REQUIRED: The city of the address.</city><state>REQUIRED: The state or province of the address.</state><postal>REQUIRED: The ZIP or other postal code of the address.</postal></cntaddr><cntvoice>REQUIRED: The telephone number by which individuals can speak to the organization or individual.</cntvoice></cntinfo></metc><metd Sync="TRUE">20160316</metd></metainfo><mdLang><languageCode Sync="TRUE" value="fas"></languageCode><countryCode value="IRN" Sync="TRUE"></countryCode></mdLang><mdStanName Sync="TRUE">ISO 19115 Geographic Information - Metadata</mdStanName><mdStanVer Sync="TRUE">DIS_ESRI1.0</mdStanVer><mdChar><CharSetCd Sync="TRUE" value="004"></CharSetCd></mdChar><mdHrLv><ScopeCd Sync="TRUE" value="005"></ScopeCd></mdHrLv><mdHrLvName Sync="TRUE">dataset</mdHrLvName><distinfo><resdesc Sync="TRUE">Downloadable Data</resdesc></distinfo><distInfo><distributor><distorTran><onLineSrc><orDesc Sync="TRUE">002</orDesc><linkage Sync="TRUE">file://\\fileserver02\share\PARSBOOM PROJECT - TEHRAN\Primary Projects\Saeedeh - Che konad\Mahalat&amp;Manategh90\Mahalat90.mdb</linkage><protocol Sync="TRUE">Local Area Network</protocol></onLineSrc></distorTran><distorFormat><formatName Sync="TRUE">Personal GeoDatabase Feature Class</formatName></distorFormat></distributor><distFormat><formatName Sync="TRUE">File Geodatabase Feature Class</formatName></distFormat></distInfo><spdoinfo><direct Sync="TRUE">Vector</direct><ptvctinf><esriterm Name="Mahalat_Pop90"><efeatyp Sync="TRUE">Simple</efeatyp><efeageom code="4" Sync="TRUE"></efeageom><esritopo Sync="TRUE">TRUE</esritopo><efeacnt Sync="TRUE">373</efeacnt><spindex Sync="TRUE">TRUE</spindex><linrefer Sync="TRUE">FALSE</linrefer><XYRank Sync="TRUE">1</XYRank><ZRank Sync="TRUE">1</ZRank><topoWeight Sync="TRUE">1.000000</topoWeight><validateEvents Sync="TRUE">FALSE</validateEvents><partTopoRules><topoRuleID Sync="TRUE">1</topoRuleID></partTopoRules><partTopoRules><topoRuleID Sync="TRUE">2</topoRuleID></partTopoRules></esriterm></ptvctinf></spdoinfo><spref><horizsys><cordsysn><geogcsn Sync="TRUE">GCS_WGS_1984</geogcsn><projcsn Sync="TRUE">WGS_1984_UTM_Zone_39N</projcsn></cordsysn><planar><planci><plance Sync="TRUE">coordinate pair</plance><plandu Sync="TRUE">meters</plandu><coordrep><absres Sync="TRUE">0.000000</absres><ordres Sync="TRUE">0.000000</ordres></coordrep></planci></planar><geodetic><horizdn Sync="TRUE">D_WGS_1984</horizdn><ellips Sync="TRUE">WGS_1984</ellips><semiaxis Sync="TRUE">6378137.000000</semiaxis><denflat Sync="TRUE">298.257224</denflat></geodetic></horizsys></spref><refSysInfo><RefSystem><refSysID><identCode Sync="TRUE" code="32639">WGS_1984_UTM_Zone_39N</identCode><idCodeSpace Sync="TRUE">EPSG</idCodeSpace><idVersion Sync="TRUE">2.1(3.0.1)</idVersion></refSysID></RefSystem></refSysInfo><spatRepInfo><VectSpatRep><geometObjs Name="Mahalat_Pop90"><geoObjTyp><GeoObjTypCd value="002" Sync="TRUE"></GeoObjTypCd></geoObjTyp><geoObjCnt Sync="TRUE">373</geoObjCnt></geometObjs><topLvl><TopoLevCd value="004" Sync="TRUE"></TopoLevCd></topLvl></VectSpatRep></spatRepInfo><eainfo><detailed Name="Mahalat_Pop90"><enttyp><enttypl Sync="TRUE">Mahalat_Pop90</enttypl><enttypt Sync="TRUE">Feature Class</enttypt><enttypc Sync="TRUE">373</enttypc></enttyp><attr><attrlabl Sync="TRUE">OBJECTID_1</attrlabl><attalias Sync="TRUE">OBJECTID_1</attalias><attrtype Sync="TRUE">OID</attrtype><attwidth Sync="TRUE">4</attwidth><atprecis Sync="TRUE">0</atprecis><attscale Sync="TRUE">0</attscale><attrdef Sync="TRUE">Internal feature number.</attrdef><attrdefs Sync="TRUE">ESRI</attrdefs><attrdomv><udom Sync="TRUE">Sequential unique whole numbers that are automatically generated.</udom></attrdomv></attr><attr><attrlabl Sync="TRUE">Shape</attrlabl><attalias Sync="TRUE">Shape</attalias><attrtype Sync="TRUE">Geometry</attrtype><attwidth Sync="TRUE">0</attwidth><atprecis Sync="TRUE">0</atprecis><attscale Sync="TRUE">0</attscale><attrdef Sync="TRUE">Feature geometry.</attrdef><attrdefs Sync="TRUE">ESRI</attrdefs><attrdomv><udom Sync="TRUE">Coordinates defining the features.</udom></attrdomv></attr><attr><attrlabl Sync="TRUE">Region</attrlabl><attalias Sync="TRUE">Region</attalias><attrtype Sync="TRUE">Integer</attrtype><attwidth Sync="TRUE">4</attwidth><atprecis Sync="TRUE">0</atprecis><attscale Sync="TRUE">0</attscale></attr><attr><attrlabl Sync="TRUE">Nahiye</attrlabl><attalias Sync="TRUE">Nahiye</attalias><attrtype Sync="TRUE">Double</attrtype><attwidth Sync="TRUE">8</attwidth><atprecis Sync="TRUE">0</atprecis><attscale Sync="TRUE">0</attscale></attr><attr><attrlabl Sync="TRUE">Pop85</attrlabl><attalias Sync="TRUE">Pop85</attalias><attrtype Sync="TRUE">Double</attrtype><attwidth Sync="TRUE">8</attwidth><atprecis Sync="TRUE">0</atprecis><attscale Sync="TRUE">0</attscale></attr><attr><attrlabl Sync="TRUE">Pop85_Zan</attrlabl><attalias Sync="TRUE">Pop85_Zan</attalias><attrtype Sync="TRUE">Double</attrtype><attwidth Sync="TRUE">8</attwidth><atprecis Sync="TRUE">0</atprecis><attscale Sync="TRUE">0</attscale></attr><attr><attrlabl Sync="TRUE">Pop85_Mard</attrlabl><attalias Sync="TRUE">Pop85_Mard</attalias><attrtype Sync="TRUE">Double</attrtype><attwidth Sync="TRUE">8</attwidth><atprecis Sync="TRUE">0</atprecis><attscale Sync="TRUE">0</attscale></attr><attr><attrlabl Sync="TRUE">Khanvar</attrlabl><attalias Sync="TRUE">Khanvar</attalias><attrtype Sync="TRUE">Double</attrtype><attwidth Sync="TRUE">8</attwidth><atprecis Sync="TRUE">0</atprecis><attscale Sync="TRUE">0</attscale></attr><attr><attrlabl Sync="TRUE">Mahale_name</attrlabl><attalias Sync="TRUE">Mahale_name</attalias><attrtype Sync="TRUE">String</attrtype><attwidth Sync="TRUE">2147483647</attwidth><atprecis Sync="TRUE">0</atprecis><attscale Sync="TRUE">0</attscale></attr><attr><attrlabl Sync="TRUE">Mahale_code</attrlabl><attalias Sync="TRUE">Mahale_code</attalias><attrtype Sync="TRUE">Double</attrtype><attwidth Sync="TRUE">8</attwidth><atprecis Sync="TRUE">0</atprecis><attscale Sync="TRUE">0</attscale></attr><attr><attrlabl Sync="TRUE">Pop90_kol</attrlabl><attalias Sync="TRUE">Pop90_kol</attalias><attrtype Sync="TRUE">Double</attrtype><attwidth Sync="TRUE">8</attwidth><atprecis Sync="TRUE">0</atprecis><attscale Sync="TRUE">0</attscale></attr><attr><attrlabl Sync="TRUE">Pop90_zan</attrlabl><attalias Sync="TRUE">Pop90_zan</attalias><attrtype Sync="TRUE">Double</attrtype><attwidth Sync="TRUE">8</attwidth><atprecis Sync="TRUE">0</atprecis><attscale Sync="TRUE">0</attscale></attr><attr><attrlabl Sync="TRUE">Pop90_mard</attrlabl><attalias Sync="TRUE">Pop90_mard</attalias><attrtype Sync="TRUE">Double</attrtype><attwidth Sync="TRUE">8</attwidth><atprecis Sync="TRUE">0</atprecis><attscale Sync="TRUE">0</attscale></attr><attr><attrlabl Sync="TRUE">Tedad90_khanevar</attrlabl><attalias Sync="TRUE">Tedad90_khanevar</attalias><attrtype Sync="TRUE">Double</attrtype><attwidth Sync="TRUE">8</attwidth><atprecis Sync="TRUE">0</atprecis><attscale Sync="TRUE">0</attscale></attr><attr><attrlabl Sync="TRUE">Basavad_kol</attrlabl><attalias Sync="TRUE">Basavad_kol</attalias><attrtype Sync="TRUE">Double</attrtype><attwidth Sync="TRUE">8</attwidth><atprecis Sync="TRUE">0</atprecis><attscale Sync="TRUE">0</attscale></attr><attr><attrlabl Sync="TRUE">Basavad_mard</attrlabl><attalias Sync="TRUE">Basavad_mard</attalias><attrtype Sync="TRUE">Double</attrtype><attwidth Sync="TRUE">8</attwidth><atprecis Sync="TRUE">0</atprecis><attscale Sync="TRUE">0</attscale></attr><attr><attrlabl Sync="TRUE">Basavad_zan</attrlabl><attalias Sync="TRUE">Basavad_zan</attalias><attrtype Sync="TRUE">Double</attrtype><attwidth Sync="TRUE">8</attwidth><atprecis Sync="TRUE">0</atprecis><attscale Sync="TRUE">0</attscale></attr><attr><attrlabl Sync="TRUE">Bisavad_kol</attrlabl><attalias Sync="TRUE">Bisavad_kol</attalias><attrtype Sync="TRUE">Double</attrtype><attwidth Sync="TRUE">8</attwidth><atprecis Sync="TRUE">0</atprecis><attscale Sync="TRUE">0</attscale></attr><attr><attrlabl Sync="TRUE">Bisavad_mard</attrlabl><attalias Sync="TRUE">Bisavad_mard</attalias><attrtype Sync="TRUE">Double</attrtype><attwidth Sync="TRUE">8</attwidth><atprecis Sync="TRUE">0</atprecis><attscale Sync="TRUE">0</attscale></attr><attr><attrlabl Sync="TRUE">Bisavad_zan</attrlabl><attalias Sync="TRUE">Bisavad_zan</attalias><attrtype Sync="TRUE">Double</attrtype><attwidth Sync="TRUE">8</attwidth><atprecis Sync="TRUE">0</atprecis><attscale Sync="TRUE">0</attscale></attr><attr><attrlabl Sync="TRUE">Bishaz10sal_kol</attrlabl><attalias Sync="TRUE">Bishaz10sal_kol</attalias><attrtype Sync="TRUE">Double</attrtype><attwidth Sync="TRUE">8</attwidth><atprecis Sync="TRUE">0</atprecis><attscale Sync="TRUE">0</attscale></attr><attr><attrlabl Sync="TRUE">Bishaz10sal_mard</attrlabl><attalias Sync="TRUE">Bishaz10sal_mard</attalias><attrtype Sync="TRUE">Double</attrtype><attwidth Sync="TRUE">8</attwidth><atprecis Sync="TRUE">0</atprecis><attscale Sync="TRUE">0</attscale></attr><attr><attrlabl Sync="TRUE">Bishaz10sal_zan</attrlabl><attalias Sync="TRUE">Bishaz10sal_zan</attalias><attrtype Sync="TRUE">Double</attrtype><attwidth Sync="TRUE">8</attwidth><atprecis Sync="TRUE">0</atprecis><attscale Sync="TRUE">0</attscale></attr><attr><attrlabl Sync="TRUE">Mohajeran_kol</attrlabl><attalias Sync="TRUE">Mohajeran_kol</attalias><attrtype Sync="TRUE">Double</attrtype><attwidth Sync="TRUE">8</attwidth><atprecis Sync="TRUE">0</atprecis><attscale Sync="TRUE">0</attscale></attr><attr><attrlabl Sync="TRUE">Mohajeran_mard</attrlabl><attalias Sync="TRUE">Mohajeran_mard</attalias><attrtype Sync="TRUE">Double</attrtype><attwidth Sync="TRUE">8</attwidth><atprecis Sync="TRUE">0</atprecis><attscale Sync="TRUE">0</attscale></attr><attr><attrlabl Sync="TRUE">Mohajeran_zan</attrlabl><attalias Sync="TRUE">Mohajeran_zan</attalias><attrtype Sync="TRUE">Double</attrtype><attwidth Sync="TRUE">8</attwidth><atprecis Sync="TRUE">0</atprecis><attscale Sync="TRUE">0</attscale></attr><attr><attrlabl Sync="TRUE">Shaghelan_bishaz10sal_kol</attrlabl><attalias Sync="TRUE">Shaghelan_bishaz10sal_kol</attalias><attrtype Sync="TRUE">Double</attrtype><attwidth Sync="TRUE">8</attwidth><atprecis Sync="TRUE">0</atprecis><attscale Sync="TRUE">0</attscale></attr><attr><attrlabl Sync="TRUE">Bikaran_bishaz10sal_kol</attrlabl><attalias Sync="TRUE">Bikaran_bishaz10sal_kol</attalias><attrtype Sync="TRUE">Double</attrtype><attwidth Sync="TRUE">8</attwidth><atprecis Sync="TRUE">0</atprecis><attscale Sync="TRUE">0</attscale></attr><attr><attrlabl Sync="TRUE">Shaghelan_bishaz10sal_mard</attrlabl><attalias Sync="TRUE">Shaghelan_bishaz10sal_mard</attalias><attrtype Sync="TRUE">Double</attrtype><attwidth Sync="TRUE">8</attwidth><atprecis Sync="TRUE">0</atprecis><attscale Sync="TRUE">0</attscale></attr><attr><attrlabl Sync="TRUE">Bikaran_bishaz10sal_mard</attrlabl><attalias Sync="TRUE">Bikaran_bishaz10sal_mard</attalias><attrtype Sync="TRUE">Double</attrtype><attwidth Sync="TRUE">8</attwidth><atprecis Sync="TRUE">0</atprecis><attscale Sync="TRUE">0</attscale></attr><attr><attrlabl Sync="TRUE">Shaghelan_bishaz10sal_zan</attrlabl><attalias Sync="TRUE">Shaghelan_bishaz10sal_zan</attalias><attrtype Sync="TRUE">Double</attrtype><attwidth Sync="TRUE">8</attwidth><atprecis Sync="TRUE">0</atprecis><attscale Sync="TRUE">0</attscale></attr><attr><attrlabl Sync="TRUE">Bikaran_bishaz10sal_zan</attrlabl><attalias Sync="TRUE">Bikaran_bishaz10sal_zan</attalias><attrtype Sync="TRUE">Double</attrtype><attwidth Sync="TRUE">8</attwidth><atprecis Sync="TRUE">0</atprecis><attscale Sync="TRUE">0</attscale></attr><attr><attrlabl Sync="TRUE">Pop_malul_kol</attrlabl><attalias Sync="TRUE">Pop_malul_kol</attalias><attrtype Sync="TRUE">Double</attrtype><attwidth Sync="TRUE">8</attwidth><atprecis Sync="TRUE">0</atprecis><attscale Sync="TRUE">0</attscale></attr><attr><attrlabl Sync="TRUE">Pop_malul_mard</attrlabl><attalias Sync="TRUE">Pop_malul_mard</attalias><attrtype Sync="TRUE">Double</attrtype><attwidth Sync="TRUE">8</attwidth><atprecis Sync="TRUE">0</atprecis><attscale Sync="TRUE">0</attscale></attr><attr><attrlabl Sync="TRUE">Pop_malul_zan</attrlabl><attalias Sync="TRUE">Pop_malul_zan</attalias><attrtype Sync="TRUE">Double</attrtype><attwidth Sync="TRUE">8</attwidth><atprecis Sync="TRUE">0</atprecis><attscale Sync="TRUE">0</attscale></attr><attr><attrlabl Sync="TRUE">Masahat_mahale</attrlabl><attalias Sync="TRUE">Masahat_mahale</attalias><attrtype Sync="TRUE">Double</attrtype><attwidth Sync="TRUE">8</attwidth><atprecis Sync="TRUE">0</atprecis><attscale Sync="TRUE">0</attscale></attr><attr><attrlabl Sync="TRUE">Tarakom_jamiati</attrlabl><attalias Sync="TRUE">Tarakom_jamiati</attalias><attrtype Sync="TRUE">Double</attrtype><attwidth Sync="TRUE">8</attwidth><atprecis Sync="TRUE">0</atprecis><attscale Sync="TRUE">0</attscale></attr><attr><attrlabl Sync="TRUE">Shape_Length</attrlabl><attalias Sync="TRUE">Shape_Length</attalias><attrtype Sync="TRUE">Double</attrtype><attwidth Sync="TRUE">8</attwidth><atprecis Sync="TRUE">0</atprecis><attscale Sync="TRUE">0</attscale><attrdef Sync="TRUE">Length of feature in internal units.</attrdef><attrdefs Sync="TRUE">ESRI</attrdefs><attrdomv><udom Sync="TRUE">Positive real numbers that are automatically generated.</udom></attrdomv></attr><attr><attrlabl Sync="TRUE">Shape_Area</attrlabl><attalias Sync="TRUE">Shape_Area</attalias><attrtype Sync="TRUE">Double</attrtype><attwidth Sync="TRUE">8</attwidth><atprecis Sync="TRUE">0</atprecis><attscale Sync="TRUE">0</attscale><attrdef Sync="TRUE">Area of feature in internal units squared.</attrdef><attrdefs Sync="TRUE">ESRI</attrdefs><attrdomv><udom Sync="TRUE">Positive real numbers that are automatically generated.</udom></attrdomv></attr></detailed></eainfo><mdDateSt Sync="TRUE">20170327</mdDateSt></metadata>
